PREDICTION,PREDICTION_LABEL,FAILURE_PROBABILITY,RISK_LEVEL
0,NO_FAILURE,0.12154299765825272,LOW
0,NO_FAILURE,0.003919688984751701,LOW
1,FAILURE,0.9053007364273071,HIGH
0,NO_FAILURE,0.002974790520966053,LOW
0,NO_FAILURE,0.0016220996621996164,LOW
0,NO_FAILURE,0.000963506055995822,LOW
0,NO_FAILURE,0.0017322805942967534,LOW
0,NO_FAILURE,0.0029562790878117085,LOW
0,NO_FAILURE,0.003850500797852874,LOW
0,NO_FAILURE,0.06779657304286957,LOW
0,NO_FAILURE,0.006069675553590059,LOW
0,NO_FAILURE,0.001788225956261158,LOW
0,NO_FAILURE,0.003380335634574294,LOW
0,NO_FAILURE,0.0017013135366141796,LOW
0,NO_FAILURE,0.0073804170824587345,LOW
1,FAILURE,0.538047194480896,MEDIUM
0,NO_FAILURE,0.003919097129255533,LOW
0,NO_FAILURE,0.0039922441355884075,LOW
0,NO_FAILURE,0.0020150113850831985,LOW
0,NO_FAILURE,0.08897210657596588,LOW
0,NO_FAILURE,0.0013845604844391346,LOW
0,NO_FAILURE,0.006693212315440178,LOW
0,NO_FAILURE,0.009053372777998447,LOW
0,NO_FAILURE,0.1370871663093567,LOW
0,NO_FAILURE,0.002053674077615142,LOW
0,NO_FAILURE,0.0015038313576951623,LOW
0,NO_FAILURE,0.00705742696300149,LOW
0,NO_FAILURE,0.012240017764270306,LOW
0,NO_FAILURE,0.001742720603942871,LOW
0,NO_FAILURE,0.012536600232124329,LOW
0,NO_FAILURE,0.0045266179367899895,LOW
0,NO_FAILURE,0.002433682791888714,LOW
0,NO_FAILURE,0.0025857044383883476,LOW
0,NO_FAILURE,0.0008773311856202781,LOW
0,NO_FAILURE,0.0018540245946496725,LOW
0,NO_FAILURE,0.059298399835824966,LOW
0,NO_FAILURE,0.002092327456921339,LOW
0,NO_FAILURE,0.0014771635178476572,LOW
0,NO_FAILURE,0.011247535236179829,LOW
0,NO_FAILURE,0.0013024663785472512,LOW
0,NO_FAILURE,0.01589600369334221,LOW
0,NO_FAILURE,0.0017278476152569056,LOW
0,NO_FAILURE,0.005672048311680555,LOW
0,NO_FAILURE,0.0008142599835991859,LOW
0,NO_FAILURE,0.0006100684986449778,LOW
0,NO_FAILURE,0.010894108563661575,LOW
0,NO_FAILURE,0.004059422295540571,LOW
0,NO_FAILURE,0.05349702760577202,LOW
0,NO_FAILURE,0.08913463354110718,LOW
0,NO_FAILURE,0.007815870456397533,LOW
0,NO_FAILURE,0.016390327364206314,LOW
0,NO_FAILURE,0.0018203564686700702,LOW
0,NO_FAILURE,0.011072546243667603,LOW
0,NO_FAILURE,0.0009334138012491167,LOW
0,NO_FAILURE,0.0011811807053163648,LOW
0,NO_FAILURE,0.06596596539020538,LOW
0,NO_FAILURE,0.001609012484550476,LOW
0,NO_FAILURE,0.0638301819562912,LOW
0,NO_FAILURE,0.0021550089586526155,LOW
0,NO_FAILURE,0.048585195094347,LOW
0,NO_FAILURE,0.0008821968804113567,LOW
0,NO_FAILURE,0.002178253373131156,LOW
0,NO_FAILURE,0.04388123005628586,LOW
0,NO_FAILURE,0.017831025645136833,LOW
0,NO_FAILURE,0.00137110217474401,LOW
0,NO_FAILURE,0.01512574777007103,LOW
0,NO_FAILURE,0.010658567771315575,LOW
0,NO_FAILURE,0.09792865067720413,LOW
0,NO_FAILURE,0.016810785979032516,LOW
0,NO_FAILURE,0.0028673780616372824,LOW
0,NO_FAILURE,0.006032807752490044,LOW
0,NO_FAILURE,0.004404230043292046,LOW
0,NO_FAILURE,0.0008142599835991859,LOW
0,NO_FAILURE,0.0012111852411180735,LOW
0,NO_FAILURE,0.008198716677725315,LOW
0,NO_FAILURE,0.023875124752521515,LOW
0,NO_FAILURE,0.0025782051961869,LOW
0,NO_FAILURE,0.00286530121229589,LOW
0,NO_FAILURE,0.011227894574403763,LOW
0,NO_FAILURE,0.006292623933404684,LOW
0,NO_FAILURE,0.0027420641854405403,LOW
0,NO_FAILURE,0.001435072859749198,LOW
0,NO_FAILURE,0.005152173340320587,LOW
0,NO_FAILURE,0.04320259764790535,LOW
0,NO_FAILURE,0.04281587153673172,LOW
0,NO_FAILURE,0.006655942648649216,LOW
0,NO_FAILURE,0.0025372053496539593,LOW
0,NO_FAILURE,0.04813814535737038,LOW
0,NO_FAILURE,0.00543095963075757,LOW
0,NO_FAILURE,0.025914814323186874,LOW
0,NO_FAILURE,0.06764758378267288,LOW
0,NO_FAILURE,0.01666334457695484,LOW
0,NO_FAILURE,0.0016398504376411438,LOW
0,NO_FAILURE,0.0054346597753465176,LOW
0,NO_FAILURE,0.010999063029885292,LOW
0,NO_FAILURE,0.056509681046009064,LOW
0,NO_FAILURE,0.0020715934224426746,LOW
0,NO_FAILURE,0.014065253548324108,LOW
0,NO_FAILURE,0.05493110418319702,LOW
0,NO_FAILURE,0.006227642763406038,LOW
0,NO_FAILURE,0.028827788308262825,LOW
0,NO_FAILURE,0.16141444444656372,LOW
0,NO_FAILURE,0.0021273395977914333,LOW
0,NO_FAILURE,0.005657501518726349,LOW
0,NO_FAILURE,0.0018813216593116522,LOW
0,NO_FAILURE,0.003863567253574729,LOW
0,NO_FAILURE,0.3226524293422699,MEDIUM
0,NO_FAILURE,0.0219705943018198,LOW
0,NO_FAILURE,0.007758348248898983,LOW
0,NO_FAILURE,0.013967001810669899,LOW
0,NO_FAILURE,0.002753102220594883,LOW
0,NO_FAILURE,0.0018737788777798414,LOW
0,NO_FAILURE,0.005286466795951128,LOW
0,NO_FAILURE,0.21087612211704254,LOW
0,NO_FAILURE,0.09067460149526596,LOW
0,NO_FAILURE,0.3688097894191742,MEDIUM
0,NO_FAILURE,0.2362496256828308,LOW
0,NO_FAILURE,0.003207411617040634,LOW
0,NO_FAILURE,0.00560903362929821,LOW
0,NO_FAILURE,0.0035356595180928707,LOW
0,NO_FAILURE,0.0033049406483769417,LOW
0,NO_FAILURE,0.003229968948289752,LOW
0,NO_FAILURE,0.0018328932346776128,LOW
0,NO_FAILURE,0.0013643658021464944,LOW
0,NO_FAILURE,0.0011047428706660867,LOW
0,NO_FAILURE,0.003288767533376813,LOW
0,NO_FAILURE,0.0023237240966409445,LOW
0,NO_FAILURE,0.002382321050390601,LOW
0,NO_FAILURE,0.0007593901245854795,LOW
0,NO_FAILURE,0.003884565085172653,LOW
0,NO_FAILURE,0.0018932176753878593,LOW
0,NO_FAILURE,0.0790773332118988,LOW
0,NO_FAILURE,0.03395870700478554,LOW
0,NO_FAILURE,0.003711233614012599,LOW
0,NO_FAILURE,0.0126222874969244,LOW
0,NO_FAILURE,0.0024033274967223406,LOW
0,NO_FAILURE,0.00529042724519968,LOW
0,NO_FAILURE,0.005337478592991829,LOW
0,NO_FAILURE,0.0016398504376411438,LOW
0,NO_FAILURE,0.004381887149065733,LOW
0,NO_FAILURE,0.0012035128893330693,LOW
0,NO_FAILURE,0.003371455706655979,LOW
0,NO_FAILURE,0.0020943486597388983,LOW
0,NO_FAILURE,0.0016443110071122646,LOW
0,NO_FAILURE,0.0025609282311052084,LOW
0,NO_FAILURE,0.0006952245021238923,LOW
0,NO_FAILURE,0.06949325650930405,LOW
0,NO_FAILURE,0.006004975643008947,LOW
0,NO_FAILURE,0.0010298627894371748,LOW
0,NO_FAILURE,0.026407772675156593,LOW
0,NO_FAILURE,0.1778094470500946,LOW
0,NO_FAILURE,0.010072289034724236,LOW
0,NO_FAILURE,0.0019979607313871384,LOW
0,NO_FAILURE,0.007930089719593525,LOW
1,FAILURE,0.5155587792396545,MEDIUM
0,NO_FAILURE,0.005175550002604723,LOW
0,NO_FAILURE,0.002938005141913891,LOW
0,NO_FAILURE,0.08528786152601242,LOW
0,NO_FAILURE,0.18465515971183777,LOW
0,NO_FAILURE,0.007455909624695778,LOW
0,NO_FAILURE,0.0007194636855274439,LOW
0,NO_FAILURE,0.0010407745139673352,LOW
0,NO_FAILURE,0.011867431923747063,LOW
0,NO_FAILURE,0.0016536334296688437,LOW
0,NO_FAILURE,0.0016271391650661826,LOW
0,NO_FAILURE,0.10453461855649948,LOW
0,NO_FAILURE,0.002106526866555214,LOW
0,NO_FAILURE,0.0053418646566569805,LOW
0,NO_FAILURE,0.000984333804808557,LOW
0,NO_FAILURE,0.041281990706920624,LOW
0,NO_FAILURE,0.0006281479145400226,LOW
0,NO_FAILURE,0.002988191321492195,LOW
0,NO_FAILURE,0.027288511395454407,LOW
0,NO_FAILURE,0.003954304847866297,LOW
0,NO_FAILURE,0.0022557643242180347,LOW
0,NO_FAILURE,0.0231002364307642,LOW
0,NO_FAILURE,0.0008513311040587723,LOW
0,NO_FAILURE,0.0013328748755156994,LOW
0,NO_FAILURE,0.016849897801876068,LOW
0,NO_FAILURE,0.0025517509784549475,LOW
0,NO_FAILURE,0.006511601619422436,LOW
0,NO_FAILURE,0.005987905897200108,LOW
0,NO_FAILURE,0.0011369441635906696,LOW
0,NO_FAILURE,0.030672533437609673,LOW
0,NO_FAILURE,0.0019201812101528049,LOW
0,NO_FAILURE,0.002176241483539343,LOW
0,NO_FAILURE,0.015642371028661728,LOW
0,NO_FAILURE,0.04257374629378319,LOW
0,NO_FAILURE,0.004165071062743664,LOW
0,NO_FAILURE,0.07541828602552414,LOW
0,NO_FAILURE,0.0019465439254418015,LOW
0,NO_FAILURE,0.00137110217474401,LOW
0,NO_FAILURE,0.0358143113553524,LOW
0,NO_FAILURE,0.003922221716493368,LOW
0,NO_FAILURE,0.009773501195013523,LOW
0,NO_FAILURE,0.15674734115600586,LOW
0,NO_FAILURE,0.27670660614967346,LOW
0,NO_FAILURE,0.022183338180184364,LOW
0,NO_FAILURE,0.0019172983011230826,LOW
0,NO_FAILURE,0.0018502118764445186,LOW
1,FAILURE,0.9507265090942383,HIGH
1,FAILURE,0.9903764128684998,HIGH
1,FAILURE,0.7044737339019775,HIGH
1,FAILURE,0.9871346354484558,HIGH
1,FAILURE,0.8603536486625671,HIGH
1,FAILURE,0.9979210495948792,HIGH
1,FAILURE,0.9381953477859497,HIGH
1,FAILURE,0.9951079487800598,HIGH
1,FAILURE,0.9927237629890442,HIGH
1,FAILURE,0.997613787651062,HIGH
1,FAILURE,0.9865759015083313,HIGH
1,FAILURE,0.998245120048523,HIGH
1,FAILURE,0.9971157312393188,HIGH
1,FAILURE,0.9930360913276672,HIGH
1,FAILURE,0.9871346354484558,HIGH
1,FAILURE,0.9949991703033447,HIGH
1,FAILURE,0.9864012598991394,HIGH
1,FAILURE,0.8604831099510193,HIGH
1,FAILURE,0.5043812394142151,MEDIUM
1,FAILURE,0.9993813037872314,HIGH
1,FAILURE,0.9955272078514099,HIGH
1,FAILURE,0.9971773624420166,HIGH
1,FAILURE,0.9987422823905945,HIGH
1,FAILURE,0.9906142950057983,HIGH
1,FAILURE,0.9982056617736816,HIGH
1,FAILURE,0.9978920817375183,HIGH
1,FAILURE,0.9975437521934509,HIGH
1,FAILURE,0.9954445362091064,HIGH
1,FAILURE,0.9954036474227905,HIGH
1,FAILURE,0.9954354166984558,HIGH
1,FAILURE,0.9763163924217224,HIGH
1,FAILURE,0.9411501884460449,HIGH
1,FAILURE,0.989326000213623,HIGH
1,FAILURE,0.9915605187416077,HIGH
1,FAILURE,0.979872465133667,HIGH
1,FAILURE,0.992759108543396,HIGH
1,FAILURE,0.9966358542442322,HIGH
1,FAILURE,0.9951079487800598,HIGH
1,FAILURE,0.9995315074920654,HIGH
1,FAILURE,0.9671049118041992,HIGH
1,FAILURE,0.9970989227294922,HIGH
1,FAILURE,0.8084720969200134,HIGH
1,FAILURE,0.9845635890960693,HIGH
0,NO_FAILURE,0.026175253093242645,LOW
1,FAILURE,0.9532757997512817,HIGH
1,FAILURE,0.9785246253013611,HIGH
1,FAILURE,0.8865652084350586,HIGH
1,FAILURE,0.9918912649154663,HIGH
1,FAILURE,0.7079353332519531,HIGH
1,FAILURE,0.9954711198806763,HIGH
1,FAILURE,0.995388388633728,HIGH
1,FAILURE,0.993155300617218,HIGH
1,FAILURE,0.9744021892547607,HIGH
1,FAILURE,0.9905553460121155,HIGH
1,FAILURE,0.998513400554657,HIGH
1,FAILURE,0.9885337948799133,HIGH
1,FAILURE,0.9976275563240051,HIGH
1,FAILURE,0.9921682476997375,HIGH
1,FAILURE,0.9986901879310608,HIGH
1,FAILURE,0.9938860535621643,HIGH
1,FAILURE,0.9961850047111511,HIGH
1,FAILURE,0.9974049925804138,HIGH
1,FAILURE,0.9978505373001099,HIGH
1,FAILURE,0.8341556787490845,HIGH
1,FAILURE,0.9800316095352173,HIGH
1,FAILURE,0.9972215890884399,HIGH
1,FAILURE,0.9844585657119751,HIGH
1,FAILURE,0.998342752456665,HIGH
1,FAILURE,0.9677372574806213,HIGH
1,FAILURE,0.994742751121521,HIGH
1,FAILURE,0.9879373908042908,HIGH
1,FAILURE,0.9988560676574707,HIGH
1,FAILURE,0.9878236055374146,HIGH
1,FAILURE,0.9919265508651733,HIGH
1,FAILURE,0.998765230178833,HIGH
1,FAILURE,0.992452085018158,HIGH
1,FAILURE,0.9974345564842224,HIGH
1,FAILURE,0.9715505242347717,HIGH
1,FAILURE,0.9977387189865112,HIGH
1,FAILURE,0.9882394075393677,HIGH
1,FAILURE,0.9257179498672485,HIGH
1,FAILURE,0.9985333681106567,HIGH
1,FAILURE,0.9907920360565186,HIGH
1,FAILURE,0.997037410736084,HIGH
1,FAILURE,0.9985926747322083,HIGH
1,FAILURE,0.9738276600837708,HIGH
1,FAILURE,0.9933735132217407,HIGH
1,FAILURE,0.9990793466567993,HIGH
1,FAILURE,0.89496910572052,HIGH
1,FAILURE,0.9965511560440063,HIGH
1,FAILURE,0.9982530474662781,HIGH
1,FAILURE,0.9943875670433044,HIGH
1,FAILURE,0.9840774536132812,HIGH
1,FAILURE,0.9959497451782227,HIGH
1,FAILURE,0.9885285496711731,HIGH
1,FAILURE,0.9954053163528442,HIGH
1,FAILURE,0.9607205986976624,HIGH
1,FAILURE,0.9900535345077515,HIGH
1,FAILURE,0.979872465133667,HIGH
1,FAILURE,0.9910354614257812,HIGH
1,FAILURE,0.9473448395729065,HIGH
1,FAILURE,0.9976462721824646,HIGH
1,FAILURE,0.9984627962112427,HIGH
1,FAILURE,0.9809642434120178,HIGH
1,FAILURE,0.863660454750061,HIGH
1,FAILURE,0.998127281665802,HIGH
1,FAILURE,0.9746110439300537,HIGH
1,FAILURE,0.9701289534568787,HIGH
1,FAILURE,0.540955126285553,MEDIUM
1,FAILURE,0.969353437423706,HIGH
1,FAILURE,0.994989812374115,HIGH
1,FAILURE,0.9132778644561768,HIGH
1,FAILURE,0.9532017111778259,HIGH
1,FAILURE,0.9872308373451233,HIGH
1,FAILURE,0.9831376075744629,HIGH
1,FAILURE,0.9966932535171509,HIGH
1,FAILURE,0.973060667514801,HIGH
1,FAILURE,0.9710733890533447,HIGH
0,NO_FAILURE,0.3725632131099701,MEDIUM
1,FAILURE,0.9988908171653748,HIGH
1,FAILURE,0.9910838603973389,HIGH
1,FAILURE,0.992912232875824,HIGH
1,FAILURE,0.9910755157470703,HIGH
1,FAILURE,0.9189914464950562,HIGH
1,FAILURE,0.9967701435089111,HIGH
1,FAILURE,0.9994656443595886,HIGH
1,FAILURE,0.8718660473823547,HIGH
1,FAILURE,0.9964619278907776,HIGH
1,FAILURE,0.9984633922576904,HIGH
1,FAILURE,0.9861568212509155,HIGH
1,FAILURE,0.9725189208984375,HIGH
1,FAILURE,0.9983603358268738,HIGH
1,FAILURE,0.9854587316513062,HIGH
1,FAILURE,0.5263108611106873,MEDIUM
1,FAILURE,0.9867275357246399,HIGH
1,FAILURE,0.9655539393424988,HIGH
1,FAILURE,0.9978750944137573,HIGH
1,FAILURE,0.925626814365387,HIGH
1,FAILURE,0.9787269234657288,HIGH
1,FAILURE,0.9817047119140625,HIGH
1,FAILURE,0.9548835158348083,HIGH
1,FAILURE,0.9977387189865112,HIGH
1,FAILURE,0.9981040954589844,HIGH
1,FAILURE,0.9839791059494019,HIGH
1,FAILURE,0.9815486073493958,HIGH
1,FAILURE,0.9944580793380737,HIGH
1,FAILURE,0.9939289093017578,HIGH
1,FAILURE,0.9905115962028503,HIGH
1,FAILURE,0.9977387189865112,HIGH
1,FAILURE,0.9885849356651306,HIGH
1,FAILURE,0.9634130597114563,HIGH
1,FAILURE,0.9981661438941956,HIGH
1,FAILURE,0.9283007979393005,HIGH
1,FAILURE,0.9880304932594299,HIGH
0,NO_FAILURE,0.4175264239311218,MEDIUM
1,FAILURE,0.9921079277992249,HIGH
1,FAILURE,0.9945887327194214,HIGH
1,FAILURE,0.9795330166816711,HIGH
1,FAILURE,0.9869062304496765,HIGH
1,FAILURE,0.6174704432487488,MEDIUM
1,FAILURE,0.733714759349823,HIGH
1,FAILURE,0.994882345199585,HIGH
1,FAILURE,0.992486834526062,HIGH
1,FAILURE,0.9925258159637451,HIGH
1,FAILURE,0.9918274879455566,HIGH
1,FAILURE,0.9794736504554749,HIGH
1,FAILURE,0.998542070388794,HIGH
1,FAILURE,0.9865184426307678,HIGH
1,FAILURE,0.9978505373001099,HIGH
1,FAILURE,0.9922202229499817,HIGH
0,NO_FAILURE,0.2714994549751282,LOW
1,FAILURE,0.9966953992843628,HIGH
1,FAILURE,0.9720199704170227,HIGH
1,FAILURE,0.9985628724098206,HIGH
1,FAILURE,0.9952840209007263,HIGH
1,FAILURE,0.9566509127616882,HIGH
1,FAILURE,0.9966028928756714,HIGH
1,FAILURE,0.8503729104995728,HIGH
1,FAILURE,0.986041247844696,HIGH
1,FAILURE,0.9804302453994751,HIGH
1,FAILURE,0.9979752898216248,HIGH
1,FAILURE,0.9829941987991333,HIGH
1,FAILURE,0.9956594109535217,HIGH
1,FAILURE,0.9888473749160767,HIGH
1,FAILURE,0.9975615739822388,HIGH
1,FAILURE,0.9987136125564575,HIGH
1,FAILURE,0.9596307277679443,HIGH
1,FAILURE,0.9746110439300537,HIGH
1,FAILURE,0.9959161877632141,HIGH
1,FAILURE,0.9905756711959839,HIGH
1,FAILURE,0.9916144609451294,HIGH
1,FAILURE,0.9755731225013733,HIGH
1,FAILURE,0.988484799861908,HIGH
1,FAILURE,0.8324442505836487,HIGH
1,FAILURE,0.9971235394477844,HIGH
1,FAILURE,0.9982783794403076,HIGH
1,FAILURE,0.6990824937820435,MEDIUM
1,FAILURE,0.9919107556343079,HIGH
1,FAILURE,0.916113018989563,HIGH
1,FAILURE,0.9875707030296326,HIGH
